model,dataset,auc,precision,recall,accuracy,f1
XGBoost,general_after,0.8547302893976509,0.8879415347137637,0.7967213114754098,0.779889152810768,0.8398617511520737
Random Forest,general_after,0.8425479712329628,0.849721706864564,0.8759562841530054,0.797901821060966,0.8626395802502355
XGBoost,general_before,0.7794801253288792,0.7243139757498405,0.7062850031113876,0.7018469656992085,0.7151858853182105
Random Forest,general_before,0.7777836002576447,0.7190184049079754,0.7293092719352832,0.7054749340369393,0.7241272783441458
XGBoost,mask_after,0.8918043561581205,0.8994252873563219,0.8765051806216746,0.8434283452098179,0.8878173308750532
Random Forest,mask_after,0.8850298497669822,0.877221324717286,0.9123494819378325,0.8477830562153602,0.8944406314344544
XGBoost,mask_before,0.8526846709672157,0.5818373812038015,0.7010178117048346,0.79188654353562,0.6358915175995383
Random Forest,mask_before,0.8513257382646899,0.6278755074424899,0.5903307888040712,0.8031002638522428,0.6085245901639345
