model,outcome,upsample,precision,recall,roc_auc,accuracy,f1
XGBoost,mask,True,0.8507951356407858,0.8397968605724838,0.9027261572491835,0.8340807174887892,0.8452602230483272
Random Forest,mask,True,0.8489853704577631,0.8305632502308402,0.9003941772293572,0.8288490284005979,0.8396732788798134
XGBoost,protective,True,0.8473672990833511,0.760038240917782,0.8339263773495682,0.7544843049327354,0.8013305110371939
Random Forest,protective,True,0.8240360148757095,0.8049713193116634,0.8329136695563752,0.76096163428002,0.814392107553922
XGBoost,social_avoidance,True,0.7928505957836847,0.729957805907173,0.8085867481289847,0.7279521674140508,0.7601054481546573
Random Forest,social_avoidance,True,0.786294750713815,0.7552742616033755,0.8075183251717022,0.734304932735426,0.7704723985795761
